2915237,192.168.1.002
2839652,192.168.1.003
4382377,192.168.1.004
4503559,192.168.1.005
1537506,192.168.1.006
2660318,192.168.1.007
2585254,192.168.1.008
4528687,192.168.1.009
1112531,192.168.1.010
3816268,192.168.1.011
2580470,192.168.1.012
2450233,192.168.1.013
1613868,192.168.1.014
2876226,192.168.1.015
1325632,192.168.1.016
1018332,192.168.1.017
4145524,192.168.1.018
23927123,192.168.1.019
54875928,192.168.1.020
21333292,192.168.1.021
2240239,192.168.1.022
1859664,192.168.1.023
2453120,192.168.1.024
2567265,192.168.1.025
2462868,192.168.1.026
1159248,192.168.1.027
1154217,192.168.1.028
11164692,192.168.1.029
90119558,192.168.1.030
1217248,192.168.1.031
8746072,192.168.1.032
1524054,192.168.1.033
2725181,192.168.1.034
2155551,192.168.1.035
3379292,192.168.1.036
21174129,192.168.1.037
3414264,192.168.1.038
3305722,192.168.1.039
89093072,192.168.1.040
1536951,192.168.1.041
2206911,192.168.1.042
3010153,192.168.1.043
93085071,192.168.1.044
2729247,192.168.1.045
1607682,192.168.1.046
3086098,192.168.1.047
89439565,192.168.1.048
25260440,192.168.1.049
2793916,192.168.1.050
18221353,192.168.1.051
2035600,192.168.1.052
2705920,192.168.1.053
5513242,192.168.1.054
88579347,192.168.1.055
95575531,192.168.1.056
1412779,192.168.1.057
1471121,192.168.1.058
2653523,192.168.1.059
22374713,192.168.1.060
15095910,192.168.1.061
2146396,192.168.1.062
86707622,192.168.1.063
41790191,192.168.1.064
37126803,192.168.1.065
1558774,192.168.1.066
6352028,192.168.1.067
5848294,192.168.1.068
2895815,192.168.1.069
55438266,192.168.1.070
2488308,192.168.1.071
2307295,192.168.1.072
1447796,192.168.1.073
2299526,192.168.1.074
2373805,192.168.1.075
4694617,192.168.1.076
21796876,192.168.1.077
2831763,192.168.1.078
2394928,192.168.1.079
42122181,192.168.1.080
46027761,192.168.1.081
1409748,192.168.1.082
16495124,192.168.1.083
20640711,192.168.1.084
3193413,192.168.1.085
4099171,192.168.1.086
9130204,192.168.1.087
7086639,192.168.1.088
2213348,192.168.1.089
1042490,192.168.1.090
2595017,192.168.1.091
1171307,192.168.1.092
4645621,192.168.1.093
2252387,192.168.1.094
2945330,192.168.1.095
21295785,192.168.1.096
4433570,192.168.1.097
3887444,192.168.1.098
74027114,192.168.1.099
1453088,192.168.1.100
21304677,192.168.1.101
2939876,192.168.1.102
5568485,192.168.1.103
28107803,192.168.1.104
2331578,192.168.1.105
2172483,192.168.1.106
3284232,192.168.1.107
2787187,192.168.1.108
3022900,192.168.1.109
1630626,192.168.1.110
2232749,192.168.1.111
2807795,192.168.1.112
1297152,192.168.1.113
1079895,192.168.1.114
1048769,192.168.1.115
96540753,192.168.1.116
2423203,192.168.1.117
2598458,192.168.1.118
1405364,192.168.1.119
1338343,192.168.1.120
46043823,192.168.1.121
2177651,192.168.1.122
3024735,192.168.1.123
2714415,192.168.1.124
55171694,192.168.1.125
1009519,192.168.1.126
2852963,192.168.1.127
44344053,192.168.1.128
1131250,192.168.1.129
2874981,192.168.1.130
3797295,192.168.1.131
61804090,192.168.1.132
4336682,192.168.1.133
1674546,192.168.1.134
2198523,192.168.1.135
39212398,192.168.1.136
2207766,192.168.1.137
2609714,192.168.1.138
7891663,192.168.1.139
2281134,192.168.1.140
4098909,192.168.1.141
2985129,192.168.1.142
1576733,192.168.1.143
2971591,192.168.1.144
9541832,192.168.1.145
14065835,192.168.1.146
5478717,192.168.1.147
1124660,192.168.1.148
47913994,192.168.1.149
53615590,192.168.1.150
2156215,192.168.1.151
63965996,192.168.1.152
1122574,192.168.1.153
1220050,192.168.1.154
1949082,192.168.1.155
2280973,192.168.1.156
9021636,192.168.1.157
2271909,192.168.1.158
4267653,192.168.1.159
2345036,192.168.1.160
2765497,192.168.1.161
1898332,192.168.1.162
6090927,192.168.1.163
22286717,192.168.1.164
2980950,192.168.1.165
15364263,192.168.1.166
2328640,192.168.1.167
4204063,192.168.1.168
3932546,192.168.1.169
1582423,192.168.1.170
3021460,192.168.1.171
3183148,192.168.1.172
5993848,192.168.1.173
3734340,192.168.1.174
3490704,192.168.1.175
2873389,192.168.1.176
22548973,192.168.1.177
2272535,192.168.1.178
1929695,192.168.1.179
19542502,192.168.1.180
2524755,192.168.1.181
23835021,192.168.1.182
8092265,192.168.1.183
2993906,192.168.1.184
27975847,192.168.1.185
93144194,192.168.1.186
45831076,192.168.1.187
9642947,192.168.1.188
87413785,192.168.1.189
2889483,192.168.1.190
3406764,192.168.1.191
4553207,192.168.1.192
2575333,192.168.1.193
5591736,192.168.1.194
2997355,192.168.1.195
2892086,192.168.1.196
2377972,192.168.1.197
5513242,172.166.18.22
5513242,172.166.18.22
5513242,172.166.18.22
5513242,172.166.18.22
5513242,172.166.18.22
5513242,172.166.18.22
5513242,172.166.18.22
5513242,172.166.18.22
5513242,172.166.18.22
5513242,172.166.18.22
5513242,172.166.18.22
5513242,172.166.18.22
5513242,172.166.18.22
5513242,172.166.18.22
5513242,172.166.18.22
5513242,172.166.18.22
5513242,172.166.18.22
5513242,172.166.18.22
5513242,172.166.18.22
5513242,172.166.18.22
5513242,172.166.18.22
5513242,172.166.18.22
5513242,172.166.18.22
5513242,172.166.18.22
5513242,172.166.18.22
5513242,172.166.18.22
5513242,172.166.18.22
5513242,172.166.18.22
5513242,172.166.18.22
5513242,172.166.18.22
5513242,172.166.18.22
5513242,172.166.18.22
5513242,172.166.18.22
5513242,172.166.18.22
5513242,172.166.18.22
5513242,172.166.18.22
5513242,172.166.18.22
5513242,172.166.18.22
5513242,172.166.18.22
5513242,172.166.18.22
5513242,172.166.18.22
5513242,172.166.18.22
5513242,172.166.18.22
5513242,172.166.18.22
5513242,172.166.18.22
5513242,172.166.18.22
5513242,172.166.18.22
5513242,172.166.18.22
5513242,172.166.18.22
5513242,172.166.18.22
5513242,172.166.18.22
5513242,172.166.18.22
5513242,172.166.18.22
5513242,172.166.18.22
5513242,172.166.18.22
5513242,172.166.18.22
5513242,172.166.18.22
5513242,172.166.18.22
5513242,172.166.18.22
5513242,172.166.18.22
5513242,172.166.18.22
5513242,172.166.18.22
5513242,172.166.18.22
5513242,172.166.18.22
5513242,172.166.18.22
5513242,172.166.18.22
5513242,172.166.18.22
5513242,172.166.18.22
5513242,172.166.18.22
5513242,172.166.18.22
5513242,172.166.18.22
5513242,172.166.18.22
5513242,172.166.18.22
5513242,172.166.18.22
5513242,172.166.18.22
5513242,172.166.18.22
5513242,172.166.18.22
5513242,172.166.18.22
5513242,172.166.18.22
5513242,172.166.18.22
5513242,172.166.18.22
5513242,172.166.18.22
5513242,172.166.18.22
5513242,172.166.18.22
5513242,172.166.18.22
5513242,172.166.18.22
5513242,172.166.18.22
5513242,172.166.18.22
5513242,172.166.18.22
5513242,172.166.18.22
5513242,172.166.18.22
5513242,172.166.18.22
5513242,172.166.18.22
5513242,172.166.18.22
2223641,172.166.18.22
2223641,172.166.18.22
2223641,172.166.18.22
2223641,172.166.18.22
2223641,172.166.18.22
2223641,172.166.18.22
2223641,172.166.18.22
